{
  "version": 1,
  "last_btc_regime": "balanced",
  "last_btc_regime_ts": 1773936685.798202,
  "market_state": "BALANCED",
  "market_state_since_ts": 1774002388.381279,
  "market_state_bars": 667,
  "policy_mode": "DEFENSIVE",
  "policy_since_ts": 1774002388.381279,
  "token_states": {},
  "reflex_cooldown_until": {
    "reflex:296": 1773936776.3807154,
    "reflex:300": 1773938806.0154734,
    "reflex:299": 1773939800.1284072,
    "reflex:301": 1773939826.7569578,
    "reflex:302": 1773939960.9362657,
    "reflex:305": 1773959820.395198,
    "reflex:306": 1773965100.3255007,
    "reflex:307": 1773966330.4000576,
    "reflex:310": 1774013493.0122583,
    "reflex:311": 1774013675.793476
  },
  "last_cp_by_symbol": {
    "SAHARA": 0.4600000000000001,
    "RIVER": 0.30600000000000005,
    "LYN": 0.30600000000000005,
    "WLD": 0.30600000000000005,
    "ZEC": 0.30600000000000005,
    "BARD": 0.21800000000000003,
    "UAI": 0.242,
    "SIREN": 0.242,
    "PHAU": 0.048,
    "FXS": 0.10400000000000001,
    "SXP": 0.10400000000000001,
    "WLFI": 0.20450000000000002,
    "KITE": 0.15200000000000002,
    "TAO": 0.21800000000000003,
    "FOGO": 0.3720000000000001,
    "C": 0.30600000000000005
  }
}